{
  "noise_levels": [
    0.0,
    0.2,
    0.5,
    1.0,
    1.5,
    2.0
  ],
  "planners": {
    "RuleBased": {
      "collision_rate": [
        0.36333333333333334,
        0.28,
        0.38333333333333336,
        0.36,
        0.36,
        0.4166666666666667
      ],
      "success_rate": [
        0.6366666666666667,
        0.72,
        0.6166666666666667,
        0.64,
        0.64,
        0.5833333333333334
      ]
    },
    "AStar": {
      "collision_rate": [
        0.0,
        0.0,
        0.0,
        0.0,
        0.0,
        0.0
      ],
      "success_rate": [
        1.0,
        1.0,
        1.0,
        1.0,
        1.0,
        1.0
      ]
    }
  }
}